Team,Median of Age,Mean of Age,Std of Age,Median of MP,Mean of MP,Std of MP,Median of Starts,Mean of Starts,Std of Starts,Median of Min,Mean of Min,Std of Min,Median of Gls,Mean of Gls,Std of Gls,Median of Ast,Mean of Ast,Std of Ast,Median of CrdY,Mean of CrdY,Std of CrdY,Median of CrdR,Mean of CrdR,Std of CrdR,Median of xG,Mean of xG,Std of xG,Median of xAG,Mean of xAG,Std of xAG,Median of PrgCs,Mean of PrgCs,Std of PrgCs,Median of PrgPs,Mean of PrgPs,Std of PrgPs,Median of PrgRs,Mean of PrgRs,Std of PrgRs,Median of Gls.1,Mean of Gls.1,Std of Gls.1,Median of Ast.1,Mean of Ast.1,Std of Ast.1,Median of xG.1,Mean of xG.1,Std of xG.1,Median of xAG.1,Mean of xAG.1,Std of xAG.1,Median of SoT%,Mean of SoT%,Std of SoT%,Median of SoT/90,Mean of SoT/90,Std of SoT/90,Median of G/Sh,Mean of G/Sh,Std of G/Sh,Median of Dist,Mean of Dist,Std of Dist,Median of Cmp,Mean of Cmp,Std of Cmp,Median of Cmp%,Mean of Cmp%,Std of Cmp%,Median of TotDist,Mean of TotDist,Std of TotDist,Median of Cmp%.1,Mean of Cmp%.1,Std of Cmp%.1,Median of Cmp%.2,Mean of Cmp%.2,Std of Cmp%.2,Median of Cmp%.3,Mean of Cmp%.3,Std of Cmp%.3,Median of KP,Mean of KP,Std of KP,Median of Pto1/3,Mean of Pto1/3,Std of Pto1/3,Median of PPA,Mean of PPA,Std of PPA,Median of CrsPA,Mean of CrsPA,Std of CrsPA,Median of PrgPp,Mean of PrgPp,Std of PrgPp,Median of SCA,Mean of SCA,Std of SCA,Median of SCA90,Mean of SCA90,Std of SCA90,Median of GCA,Mean of GCA,Std of GCA,Median of GCA90,Mean of GCA90,Std of GCA90,Median of Tkl,Mean of Tkl,Std of Tkl,Median of TklW,Mean of TklW,Std of TklW,Median of Attd,Mean of Attd,Std of Attd,Median of Lostd,Mean of Lostd,Std of Lostd,Median of Blocks,Mean of Blocks,Std of Blocks,Median of Sh,Mean of Sh,Std of Sh,Median of Pass,Mean of Pass,Std of Pass,Median of Int,Mean of Int,Std of Int,Median of Touches,Mean of Touches,Std of Touches,Median of Def Pen,Mean of Def Pen,Std of Def Pen,Median of Def 3rd,Mean of Def 3rd,Std of Def 3rd,Median of Mid 3rd,Mean of Mid 3rd,Std of Mid 3rd,Median of Att 3rd,Mean of Att 3rd,Std of Att 3rd,Median of Att Pen,Mean of Att Pen,Std of Att Pen,Median of Attp,Mean of Attp,Std of Attp,Median of Succ%,Mean of Succ%,Std of Succ%,Median of Tkld%,Mean of Tkld%,Std of Tkld%,Median of Carries,Mean of Carries,Std of Carries,Median of PrgDist,Mean of PrgDist,Std of PrgDist,Median of PrgCp,Mean of PrgCp,Std of PrgCp,Median of Cto1/3,Mean of Cto1/3,Std of Cto1/3,Median of CPA,Mean of CPA,Std of CPA,Median of Mis,Mean of Mis,Std of Mis,Median of Dis,Mean of Dis,Std of Dis,Median of Rec,Mean of Rec,Std of Rec,Median of PrgRp,Mean of PrgRp,Std of PrgRp,Median of Fls,Mean of Fls,Std of Fls,Median of Fld,Mean of Fld,Std of Fld,Median of Off,Mean of Off,Std of Off,Median of Crs,Mean of Crs,Std of Crs,Median of Recov,Mean of Recov,Std of Recov,Median of Won,Mean of Won,Std of Won,Median of Lostm,Mean of Lostm,Std of Lostm,Median of Won%,Mean of Won%,Std of Won%,Median of GA90,Mean of GA90,Std of GA90,Median of Save%,Mean of Save%,Std of Save%,Median of CS%,Mean of CS%,Std of CS%,Median of Save%.1,Mean of Save%.1,Std of Save%.1
all,26.56986301369863,26.901330803783164,4.231364576874025,22.0,20.79633401221996,9.701423564929392,14.0,15.25458248472505,10.714397826976231,1338.0,1367.8187372708758,905.766901206744,1.0,1.9918533604887985,3.4940086951990312,1.0,1.4806517311608962,2.2069307301882035,2.0,2.9246435845213847,2.5897016661475765,0.0,0.09164969450101833,0.30929730676874034,0.9,2.0118126272912424,3.05728687469913,0.9,1.490631364562118,1.8537644569334495,14.0,25.977596741344197,30.463050672140128,37.0,51.211812627291245,49.62874355358674,24.0,50.59470468431772,63.569604247213185,0.03,0.12085539714867617,0.1857848257967306,0.04,0.08953156822810591,0.12519855463640883,0.07,0.1335845213849287,0.1599725183181986,0.07,0.09759674134419553,0.10121873823038563,28.6,26.45274949083503,20.93356857884676,0.23,0.40274949083503053,0.4698014956131499,0.04,0.0704073319755601,0.09807034682167827,15.8,15.017515274949083,7.063358940888353,449.0,549.989816700611,456.56728263155054,80.0,79.2450101832994,8.252707072864535,7149.0,9447.692464358452,8258.05446210585,89.8,88.68492871690428,6.798059217715114,85.6,83.89103869653768,10.225917509881823,53.8,53.65193482688391,16.704477321225458,8.0,13.576374745417516,15.237834622201573,28.0,43.0040733197556,44.72856896138517,6.0,11.574338085539715,14.286145469198384,1.0,2.74949083503055,4.2628407153812065,37.0,51.211812627291245,49.62874355358674,21.0,31.763747454175153,31.956686078371778,1.83,2.09030549898167,1.4271211596914564,2.0,3.4582484725050917,4.194236593154933,0.16,0.21350305498981673,0.22375631216916753,17.0,24.482688391038696,22.425777935739706,10.0,14.625254582484725,13.783534012873297,17.0,22.30142566191446,20.16500246699594,8.0,10.961303462321792,10.281771542522263,12.0,15.156822810590631,13.600939691694514,2.0,5.134419551934827,7.2710115386406535,8.0,10.022403258655805,9.279641262875566,7.0,11.116089613034623,11.643898541686799,725.0,831.4969450101833,617.9775947748503,31.0,93.75152749490834,174.2227268285638,156.0,275.02443991853363,304.8217066923862,272.0,353.5641547861507,313.1567278247207,139.0,211.11405295315683,208.79261077038996,20.0,34.39511201629328,40.782032565095236,14.0,25.313645621181262,31.01025829527167,42.9,42.916293279022405,25.140432904791883,42.1,38.74276985743381,23.82285139606011,395.0,466.5417515274949,357.04586652735924,1012.0,1295.521384928717,1088.8655962912271,14.0,25.977596741344197,30.463050672140128,13.0,17.482688391038696,18.179524412366913,2.0,8.09979633401222,14.193999161734986,12.0,18.861507128309572,19.2482483955127,7.0,13.136456211812627,14.688594592043351,481.0,544.3625254582485,418.2770331614488,24.0,50.59470468431772,63.569604247213185,12.0,15.331975560081466,13.66411119175433,10.0,14.863543788187373,14.52582903136991,1.0,2.370672097759674,3.948272078328138,9.0,24.380855397148675,35.62296267116035,44.0,57.771894093686356,46.08635311173777,10.0,17.983706720977597,21.032718421339716,13.0,17.96130346232179,18.295659391867595,50.0,48.189002036659886,22.30721310134853,0.0,0.13014256619144604,0.47944885454362823,0.0,5.334419551934826,18.325504047391544,0.0,1.9067209775967413,9.059166946065268,0.0,0.9814663951120164,7.902967841415011
West Ham,28.33150684931507,28.611287671232873,5.01532014101243,20.0,20.92,8.281102986116442,14.0,14.96,10.521723559696229,1070.0,1341.92,885.1249403332843,0.0,1.44,2.4677925358506134,1.0,0.92,1.469693845669907,2.0,2.88,2.5871477215909673,0.0,0.12,0.33166247903553997,1.2,1.736,2.172724863698424,1.1,1.2279999999999998,1.3752333135387125,11.0,22.36,29.379528019807715,31.0,43.68,40.19091937241546,21.0,43.36,55.68877804369566,0.0,0.0864,0.1314622886356895,0.03,0.0756,0.13943576776901015,0.07,0.1404,0.16154153232734506,0.08,0.10400000000000001,0.10099504938362078,27.8,22.42,15.095363526593191,0.23,0.3904000000000001,0.4125376750471808,0.0,0.044000000000000004,0.0632455532033676,15.6,16.3,7.2755870324439575,510.0,519.0,397.9965452111362,79.9,78.616,7.8128462589933685,8497.0,9131.32,7192.993429488635,89.8,88.7,7.048404074682439,85.7,83.22400000000002,10.738997470279367,54.9,52.556,19.151872841404657,9.0,11.96,12.12256848471753,37.0,38.52,32.99004900471252,4.0,9.76,12.173331507849444,1.0,2.56,3.4650637319776196,31.0,43.68,40.19091937241546,18.0,29.48,29.800894841150882,2.37,2.2092,1.4759429754115387,1.0,2.2,3.0686587732536617,0.1,0.1348,0.16763352886579702,17.0,22.52,19.92929167498601,11.0,13.28,11.759818592705132,21.0,18.88,14.748785260714412,7.0,9.04,7.446923302053451,14.0,16.36,13.281817144753449,4.0,6.28,8.228608630868283,9.0,10.08,7.86299349272697,8.0,12.0,14.548768561863463,656.0,806.28,580.7710765295852,33.0,105.92,173.07727561217658,196.0,297.08,306.8339561826016,366.0,343.48,279.11095762557704,116.0,173.56,179.16521239719873,22.0,30.12,38.02337000670333,11.0,28.12,44.0182916524483,45.2,49.604,24.520356848953075,40.0,35.896,23.875204711164262,318.0,411.56,309.89273413016105,714.0,1060.64,918.685604545973,11.0,22.36,29.379528019807715,10.0,14.4,16.36052158907737,2.0,6.36,12.983579372936159,11.0,17.6,19.024107513012712,6.0,14.36,21.959963570097287,455.0,515.2,380.51664440161704,21.0,43.36,55.68877804369566,14.0,15.56,13.623142075160192,11.0,14.56,16.79801575583656,1.0,2.68,4.110150037812894,11.0,21.64,26.617475462560307,43.0,55.52,46.68789993135266,10.0,20.92,26.323183698025588,12.0,19.84,18.469975636150686,50.0,51.284000000000006,16.381282001113345,0.0,0.136,0.4707440918375928,0.0,5.507999999999999,19.135828524872743,0.0,1.396,4.836534572053286,0.0,0.0,0.0
Southampton,26.96986301369863,26.968540387340575,4.225866786297973,20.0,18.137931034482758,10.056000830815378,13.0,12.862068965517242,9.512113096809902,1122.0,1151.344827586207,828.5949930826135,0.0,0.8275862068965517,1.0713464664764276,0.0,0.5172413793103449,0.8289705171033532,2.0,2.7586206896551726,2.8617573573616952,0.0,0.10344827586206896,0.40925259281898757,0.5,1.0448275862068965,1.362399722888297,0.5,0.7896551724137931,0.8957617777967402,10.0,20.24137931034483,26.47593944429788,23.0,35.55172413793103,38.55847711769058,20.0,34.51724137931034,37.54580125817302,0.0,0.05379310344827587,0.07997382576744577,0.0,0.043448275862068966,0.09729468720148837,0.04,0.07724137931034482,0.08887778734725478,0.03,0.05379310344827586,0.058518238494107144,25.0,22.368965517241378,22.723149043718703,0.15,0.2179310344827586,0.2848104546428934,0.0,0.06137931034482759,0.09310992497085807,17.3,14.951724137931036,8.256625940490599,242.0,485.48275862068965,464.81552567271666,80.2,80.91724137931035,7.996788148354011,3918.0,8224.206896551725,8264.992193321481,90.9,89.68275862068964,6.853469870152181,89.5,85.47586206896553,10.921069256010663,54.9,51.49310344827586,19.448906157902975,5.0,8.586206896551724,8.942344057425844,13.0,31.482758620689655,38.75437366069168,5.0,6.758620689655173,7.557660127379719,1.0,1.793103448275862,2.554817722668119,23.0,35.55172413793103,38.55847711769058,15.0,19.586206896551722,19.43398577121186,1.43,1.4175862068965517,0.8441887702421513,1.0,1.3793103448275863,1.8787114334687767,0.06,0.1089655172413793,0.14125318776646137,13.0,20.0,18.890662848538238,7.0,11.517241379310345,10.81209867844871,13.0,17.896551724137932,14.013628131180546,10.0,9.206896551724139,6.89398967188515,7.0,12.96551724137931,14.536856504909684,2.0,5.689655172413793,8.872523591225177,5.0,7.275862068965517,7.850825942555062,5.0,9.448275862068966,12.067033624408728,457.0,707.0,616.1692137716717,42.0,91.82758620689656,166.02841171780494,161.0,259.0,312.2409783667553,186.0,303.82758620689657,297.66208897308815,122.0,150.3448275862069,145.8644859993757,15.0,21.24137931034483,20.11334875224801,5.0,22.379310344827587,31.79107443596557,42.7,43.16206896551724,30.262145304383914,42.4,38.02413793103448,29.614724320035872,253.0,394.2413793103448,349.5897243476388,599.0,1070.896551724138,1087.3564386301953,10.0,20.24137931034483,26.47593944429788,9.0,14.931034482758621,18.271623265292234,1.0,5.068965517241379,7.5020522643700565,9.0,14.551724137931034,14.65943432668277,5.0,10.96551724137931,13.655147534435214,338.0,480.2758620689655,421.5171489946188,20.0,34.51724137931034,37.54580125817302,12.0,14.344827586206897,12.989764822651072,8.0,13.275862068965518,15.156084472967422,0.0,1.4827586206896552,2.599734734478726,6.0,17.103448275862068,25.955105233551436,23.0,45.03448275862069,42.99375599069232,8.0,14.172413793103448,20.39444771345735,8.0,12.379310344827585,13.299875920751637,54.5,54.17241379310346,22.750382988169108,0.0,0.24965517241379312,0.7492257086896955,0.0,6.993103448275862,20.963521566120562,0.0,0.2655172413793104,1.429854103963299,0.0,0.9862068965517242,5.310886671863684
Everton,26.527397260273972,27.967995018679957,5.031962455952982,23.5,21.727272727272727,9.166096007424098,14.5,16.954545454545453,10.558126063560048,1281.0,1520.2727272727273,893.0565055347405,1.0,1.4090909090909092,1.9678146183760226,1.0,0.9090909090909091,1.1087999050492516,3.0,3.227272727272727,2.2239351262767193,0.0,0.09090909090909091,0.29424494316824984,1.1,1.6727272727272728,1.9523323824599468,1.05,1.2818181818181822,1.113824968568249,12.0,19.727272727272727,19.988524846549474,36.0,41.31818181818182,34.32392801868741,23.5,40.5,39.9043499240013,0.04,0.09045454545454545,0.12120338171956975,0.03,0.05818181818181818,0.07920055096227094,0.05,0.11318181818181819,0.1233804168931491,0.06,0.08272727272727273,0.07317180163227194,33.650000000000006,31.11818181818182,23.692527179594922,0.25,0.3704545454545455,0.3850352769580529,0.045,0.07590909090909091,0.10317156727690191,17.05,16.486363636363638,6.353348982233172,412.0,453.1818181818182,330.29159359047696,73.65,74.26818181818182,7.865196777342594,7161.5,8580.318181818182,7618.257333452402,86.2,85.37272727272726,7.591924394863006,82.69999999999999,79.82727272727273,12.291467494167373,56.35,57.186363636363645,15.182078891921206,9.0,12.090909090909092,9.942257532798315,34.5,40.13636363636363,34.02141546080512,8.0,10.545454545454545,10.154648350232671,1.5,3.6363636363636362,5.332250972422475,36.0,41.31818181818182,34.32392801868741,24.5,28.681818181818183,19.443168377010895,1.79,1.8827272727272728,1.109796986231874,2.0,2.3636363636363638,2.059714602177749,0.1,0.15636363636363637,0.15465924000679857,23.5,30.045454545454547,28.10605302155065,13.5,17.59090909090909,16.99764434914184,22.0,26.636363636363637,22.044425825063126,8.0,12.954545454545455,11.081848190052025,12.5,15.954545454545455,14.200862726063589,3.0,5.7727272727272725,9.314258491979448,7.5,10.181818181818182,8.409950815984164,9.5,13.545454545454545,12.715671892916696,689.5,780.2727272727273,501.7203909044864,31.0,99.5,214.042663748987,165.5,282.90909090909093,352.73852572758125,292.0,313.72727272727275,227.4833707827541,171.0,192.04545454545453,140.17726100250533,18.5,29.136363636363637,25.31947388031113,18.0,26.454545454545453,29.464631376694708,46.35,45.85909090909091,21.762892382412886,44.4,42.47272727272727,21.95990245919403,325.5,377.3181818181818,239.77020474248067,714.0,1012.2727272727273,794.2728439581393,12.0,19.727272727272727,19.988524846549474,11.5,14.590909090909092,11.223525848303307,2.0,5.0,6.9350730418098765,12.5,20.90909090909091,19.464030539651464,11.0,15.909090909090908,13.70751997613368,404.0,448.8181818181818,269.48091837450266,23.5,40.5,39.9043499240013,15.0,17.772727272727273,13.630958524734432,13.0,15.0,12.409673645990857,1.0,3.5,6.307591797644667,7.5,27.363636363636363,35.58296202042751,55.0,61.95454545454545,46.654226851560644,10.0,24.727272727272727,28.79514148533001,14.5,22.636363636363637,22.77957617931227,50.6,48.35,18.378319266124937,0.0,0.055,0.2579728667902887,0.0,3.25,15.243851219426146,0.0,1.3363636363636362,6.268101060854947,0.0,4.545454545454546,21.32007163556104
Manchester City,26.682191780821917,26.990246575342468,4.913737779471895,23.0,19.88,8.973665174646682,17.0,15.36,8.625929901562305,1494.0,1381.36,766.2823065511387,1.0,2.64,4.414748010928823,0.0,1.92,2.5645012510557814,2.0,2.32,1.7492855684535902,0.0,0.04,0.2,1.3,2.5200000000000005,4.175424130153328,1.5,2.028,2.249355463238303,35.0,41.64,45.442161040161814,64.0,70.28,60.42179518462964,26.0,69.6,78.21764506810467,0.06,0.1784,0.24563998045920782,0.0,0.10200000000000001,0.1414213562373095,0.07,0.16080000000000003,0.2177904191342371,0.07,0.1164,0.12195900950729306,29.7,27.676,22.39051659371291,0.33,0.46360000000000007,0.5136704520734411,0.08,0.1168,0.20155065533673333,16.3,14.984000000000002,7.237787415133624,676.0,793.52,591.8990707882552,87.7,86.50400000000002,6.95680003066544,10078.0,12871.28,9746.228939612149,94.4,92.12800000000001,6.126072695182999,91.9,89.516,7.833990043394235,64.3,59.776,12.40884362057964,9.0,17.24,16.845573107891976,42.0,62.0,64.94548996402034,11.0,15.88,16.20267467632016,1.0,2.32,3.1717503054307414,64.0,70.28,60.42179518462964,33.0,39.76,33.9353306550366,2.08,2.3836,1.746314881877454,3.0,4.64,4.55411901469428,0.26,0.2756,0.2381015189647755,15.0,18.44,17.05891751157343,7.0,11.2,10.88959748261309,13.0,16.88,15.738276059763768,6.0,8.84,8.547319267856247,11.0,12.44,9.600694419328914,1.0,3.28,4.817675788178362,9.0,9.16,7.098591409568521,5.0,8.2,8.582928793055823,892.0,1033.8,699.0405925266429,39.0,78.52,139.2913971978648,197.0,241.56,242.91049105929258,331.0,447.28,395.86745677478126,324.0,353.4,278.85524918853514,22.0,48.52,51.759958784115476,21.0,29.68,41.02206723216176,44.8,44.06400000000001,28.555528945080553,35.1,34.556,24.924119509690474,590.0,664.68,466.34525121773606,1714.0,2051.96,1583.7090294621673,35.0,41.64,45.442161040161814,23.0,31.16,27.549470654321716,3.0,14.48,23.36863995471994,14.0,17.4,15.124483462254174,13.0,14.88,14.50953709346603,630.0,783.04,543.7994023534781,26.0,69.6,78.21764506810467,11.0,10.64,8.18474190185616,12.0,13.88,11.47214016650773,0.0,1.68,2.4617067250182343,8.0,23.6,32.247738938825876,46.0,53.0,35.29046141192641,5.0,11.12,13.488637193331776,8.0,11.96,11.11860302975753,47.3,45.18,20.939854345243187,0.0,0.10280000000000002,0.35978604753380866,0.0,5.46,18.897707091955184,0.0,2.392,8.398904690493872,0.0,0.0,0.0
Leicester City,26.743835616438357,27.211064278187568,4.46222726444891,21.0,19.73076923076923,9.568940139044418,14.5,14.384615384615385,9.810512415065476,1355.0,1292.2307692307693,811.2181116169587,0.0,1.0384615384615385,1.799572598830494,0.0,0.8076923076923077,1.132050556087696,2.0,3.076923076923077,2.57562539082184,0.0,0.0,0.0,0.35,1.1307692307692305,2.084757871939901,0.4,0.8653846153846154,1.0563871667877485,14.0,20.346153846153847,22.200796936492722,28.5,37.96153846153846,34.587258658911686,19.5,37.46153846153846,40.218633262935,0.0,0.05846153846153846,0.09111277880483319,0.0,0.05653846153846154,0.08648432494700102,0.04,0.06615384615384616,0.08621261731681382,0.025,0.06538461538461539,0.07976118199880286,26.9,28.873076923076926,24.364951183079484,0.22,0.2703846153846154,0.264582399554177,0.0,0.047307692307692314,0.0684431263054336,16.4,15.169230769230769,8.482205808904625,404.0,483.84615384615387,361.55516229839037,77.6,77.9423076923077,8.378600029929729,6180.5,8105.576923076923,6262.134033526123,88.69999999999999,88.65,6.956105232096479,83.2,84.21153846153847,9.188006396300644,52.8,55.49615384615385,17.71752761012057,6.0,8.615384615384615,8.827579161137772,23.0,34.15384615384615,31.382405653731908,5.5,7.615384615384615,8.376523971562062,1.0,2.423076923076923,3.981688856985959,28.5,37.96153846153846,34.587258658911686,14.0,19.923076923076923,18.214111182098513,1.39,1.3349999999999997,0.9839278428828,1.0,1.8076923076923077,2.3497954084427137,0.05,0.11923076923076924,0.14761905234550388,21.5,25.384615384615383,21.936411599123357,12.0,14.846153846153847,13.165689674885423,18.5,24.26923076923077,21.495223082922756,10.0,12.692307692307692,11.821232527174923,15.0,17.26923076923077,13.689580540857174,3.5,6.615384615384615,8.114564304148058,9.0,10.653846153846153,8.347178242698824,9.0,11.307692307692308,11.606099192301368,740.5,754.4615384615385,511.96572000627003,33.0,99.11538461538461,166.40200165216208,147.5,275.96153846153845,278.98852747297417,320.0,343.5769230769231,271.3959724206567,100.5,142.23076923076923,132.36715837164675,15.5,21.76923076923077,23.943780306890044,11.5,22.46153846153846,26.610119532584996,40.3,40.33846153846154,29.543541790693638,47.35,44.58846153846154,27.71602174805146,437.5,428.4230769230769,280.59852787595634,1080.5,1065.1538461538462,734.146998485055,14.0,20.346153846153847,22.200796936492722,8.0,12.846153846153847,12.078716182417095,2.5,4.8076923076923075,6.177502607165655,12.0,17.0,15.615377036754508,7.5,11.307692307692308,12.830492526070016,468.5,479.53846153846155,320.69539825438477,19.5,37.46153846153846,40.218633262935,13.0,14.0,10.654576481493763,11.0,13.0,11.327841806805036,1.0,2.230769230769231,4.885142309556129,9.5,22.0,27.36274839996889,41.0,51.65384615384615,37.202088444271304,11.5,17.576923076923077,16.560611285633335,15.0,19.576923076923077,17.497824040544188,49.5,45.650000000000006,23.24158772545456,0.0,0.315,0.9426823431039748,0.0,6.273076923076923,18.078795484042796,0.0,0.1423076923076923,0.725629700011281,0.0,0.9615384615384616,4.9029033784546
Bournemouth,25.994520547945207,26.46503871351995,3.839886541206633,25.0,21.608695652173914,9.838417881100703,17.0,16.217391304347824,11.32959327577413,1580.0,1451.7391304347825,975.7558011096884,1.0,2.260869565217391,3.4930761554349172,1.0,1.6521739130434783,1.991086858344044,3.0,3.782608695652174,3.147242974401714,0.0,0.08695652173913043,0.28810406552003043,1.1,2.639130434782609,3.500095989649269,1.1,1.7739130434782608,1.8273720304167422,19.0,29.26086956521739,34.02167409608756,41.0,57.43478260869565,51.583847090270524,31.0,56.608695652173914,70.37738475238321,0.03,0.13434782608695653,0.1811284347677717,0.05,0.10130434782608697,0.11577031916004626,0.08,0.1817391304347826,0.20211725161205188,0.1,0.1291304347826087,0.14881083304524761,28.6,21.726086956521737,18.01075984948251,0.15,0.5434782608695652,0.6548810349677828,0.06,0.05043478260869566,0.053212973543673395,14.8,13.765217391304349,6.798904236289054,436.0,488.9130434782609,394.51787758126414,74.2,73.82173913043479,6.578750677317715,7088.0,8854.95652173913,7609.613456186141,88.0,86.80434782608697,7.180812707921372,78.2,81.36956521739133,10.782411384143948,46.9,46.665217391304346,17.734804217481823,11.0,17.434782608695652,16.255980960743262,37.0,47.34782608695652,47.00832488714793,7.0,12.956521739130435,13.656427926636416,2.0,3.9130434782608696,5.264918573817909,41.0,57.43478260869565,51.583847090270524,28.0,40.130434782608695,35.78509637446355,2.35,2.599565217391304,1.8688972885364286,2.0,3.869565217391304,4.026100615484902,0.22,0.23000000000000004,0.20522714688408505,21.0,27.47826086956522,23.125879964028872,10.0,15.91304347826087,14.406163590877156,25.0,24.869565217391305,21.02445404723247,13.0,13.130434782608695,10.493739899344694,15.0,18.47826086956522,16.525103672394895,3.0,5.565217391304348,7.082796616107111,8.0,12.91304347826087,12.58033473856667,10.0,14.0,15.300029708824395,783.0,829.0869565217391,608.2685496213807,44.0,87.47826086956522,146.08150575658328,159.0,249.65217391304347,270.36097228699333,298.0,354.17391304347825,312.7164925984605,127.0,235.52173913043478,234.76174954916186,19.0,39.130434782608695,47.7772334027469,16.0,26.434782608695652,31.649825630650678,40.0,37.40434782608695,23.240823766124624,41.6,37.46521739130434,23.19779787149971,479.0,445.1304347826087,332.0133217956809,1080.0,1396.8695652173913,1258.7526403095114,19.0,29.26086956521739,34.02167409608756,15.0,20.347826086956523,19.816450227140656,1.0,9.0,15.888818252297604,17.0,22.956521739130434,21.07449613518147,8.0,13.826086956521738,17.001743691090905,413.0,484.0,357.83973050413607,31.0,56.608695652173914,70.37738475238321,15.0,19.82608695652174,17.739663248605172,10.0,15.304347826086957,13.569467004367148,0.0,2.739130434782609,5.074153680479389,10.0,32.30434782608695,40.418756652426396,56.0,71.43478260869566,56.26384765868474,20.0,22.782608695652176,20.828207538072302,22.0,24.217391304347824,20.54032955772426,46.0,48.01304347826087,20.568605917930235,0.0,0.1417391304347826,0.3769211657858859,0.0,10.434782608695652,27.582909871803725,0.0,1.9956521739130435,6.671545974637334,0.0,0.0,0.0
Brighton,24.517808219178082,26.032191780821915,5.170691932287595,20.0,18.964285714285715,9.758119668814247,9.0,13.357142857142858,9.866570141097986,895.5,1198.4642857142858,866.1210454341328,1.0,1.9285714285714286,2.9555794246559732,1.0,1.2857142857142858,1.5836465855538944,2.0,2.607142857142857,2.543536262681686,0.0,0.10714285714285714,0.314970394174356,0.75,1.8821428571428576,2.6435180783735586,0.9500000000000001,1.292857142857143,1.396537668778562,16.5,25.857142857142858,29.882131767024237,38.5,48.92857142857143,49.26416214610446,26.5,48.642857142857146,62.019240912689696,0.045,0.12249999999999998,0.14913640288898838,0.035,0.09035714285714283,0.12638806034963035,0.09,0.12964285714285714,0.11955107827811641,0.09,0.10178571428571427,0.07635460991339328,28.3,28.328571428571426,22.471823627441925,0.31,0.45607142857142857,0.649925005848762,0.05,0.07464285714285715,0.0880017736713992,16.1,16.303571428571427,5.94764081102173,333.0,506.0357142857143,475.94463435734303,80.7,79.44642857142857,8.259965121568237,4728.0,8611.857142857143,9051.475900583064,90.9,89.52142857142857,6.168219452721444,82.1,81.33928571428571,10.68489204388224,53.0,54.33214285714287,15.784287864399944,9.0,11.714285714285714,9.988353005736018,21.5,37.92857142857143,47.64446147239686,7.5,10.785714285714286,10.386448232110286,1.0,2.8214285714285716,3.77176225075103,38.5,48.92857142857143,49.26416214610446,23.5,29.607142857142858,23.477868673717328,2.8099999999999996,2.5025000000000004,1.2330829325388128,3.0,3.4642857142857144,2.9247620081355,0.29,0.29964285714285716,0.27560683406644143,16.5,22.107142857142858,19.23796263509227,10.0,13.464285714285714,11.714132467703251,17.5,22.464285714285715,18.4942075873965,9.0,11.607142857142858,9.121968946467504,12.0,14.0,12.058499384558901,2.0,3.892857142857143,5.328743064316635,9.0,10.107142857142858,9.753780978996986,8.5,10.0,9.564595207403263,630.0,757.3928571428571,610.2353728828414,22.5,83.03571428571429,190.60089816407574,118.0,241.46428571428572,318.66544422625327,227.0,328.7857142857143,319.4130446955683,147.0,195.60714285714286,177.30833977705998,17.0,34.0,41.84096875870188,12.0,26.214285714285715,31.645439836315475,40.75,43.025,22.814446771321926,46.349999999999994,45.41785714285714,22.198966501993144,367.5,445.2857142857143,381.5798404045667,1026.0,1340.142857142857,1411.6984966708171,16.5,25.857142857142858,29.882131767024237,15.5,18.321428571428573,18.44120501290635,2.5,8.285714285714286,14.771988363508827,10.0,18.357142857142858,18.911517724537674,7.0,11.142857142857142,12.026865869606373,408.0,500.2857142857143,419.44556501479667,26.5,48.642857142857146,62.019240912689696,10.5,14.071428571428571,12.250256449102732,8.0,13.357142857142858,14.502143610934533,1.0,1.4285714285714286,1.7935805576921315,10.0,22.178571428571427,27.224789318544847,39.0,52.107142857142854,43.578230451822726,11.5,16.714285714285715,17.755243655007305,10.5,15.0,14.404217489384195,51.9,48.378571428571426,21.6803607517966,0.0,0.07821428571428571,0.3296918153695859,0.0,4.939285714285715,18.205398859103518,0.0,2.457142857142857,9.971048036279784,0.0,0.0,0.0
Crystal Palace,27.183561643835617,27.16881930854534,3.1349130525452478,29.0,23.38095238095238,10.2101723319256,18.0,17.714285714285715,12.470536705141672,1562.0,1585.904761904762,1047.0489914403197,0.0,1.8571428571428572,3.3657943235693155,1.0,1.5238095238095237,2.088517359732679,2.0,3.4761904761904763,3.249908423618235,0.0,0.19047619047619047,0.40237390808147827,1.0,2.442857142857143,3.342090876767331,1.2,1.880952380952381,2.105853519981636,11.0,21.095238095238095,21.89498746723725,46.0,48.666666666666664,38.24961873448326,10.0,48.19047619047619,62.81370793673866,0.0,0.08571428571428572,0.1327242038428345,0.03,0.06190476190476192,0.08127847486383143,0.08,0.13952380952380952,0.14030239450829735,0.11,0.10095238095238096,0.074826784102002,33.3,30.123809523809523,18.015851485897212,0.34,0.49666666666666665,0.46675832433212516,0.0,0.06190476190476191,0.08570992052376712,17.7,18.142857142857142,5.672792207420559,511.0,504.3809523809524,382.23441448808296,75.6,74.22857142857143,6.9595361093353665,8122.0,9060.904761904761,7422.365289479912,85.3,84.41904761904762,6.449621620499847,82.0,79.96666666666667,10.583020992766354,46.7,49.83809523809524,18.49839117843701,9.0,15.619047619047619,15.75904879894783,27.0,37.80952380952381,31.628498300771483,4.0,11.428571428571429,12.010709506816939,1.0,2.8095238095238093,4.069632017996806,46.0,48.666666666666664,38.24961873448326,26.0,36.285714285714285,33.815888066325954,2.06,2.1966666666666663,1.4960325308406008,3.0,3.5238095238095237,3.310876736138747,0.16,0.17523809523809525,0.16794698710066364,21.0,32.61904761904762,29.189854728100634,14.0,19.142857142857142,18.12259836305411,23.0,27.952380952380953,21.553366768271243,15.0,14.047619047619047,9.836036755096996,19.0,20.476190476190474,17.704855400762376,3.0,5.904761904761905,6.766866053829955,13.0,14.571428571428571,12.765466809213946,11.0,13.666666666666666,14.065323790561429,827.0,860.8571428571429,604.1603500490813,27.0,107.71428571428571,212.6010684020997,172.0,322.7142857142857,357.72924717684776,367.0,358.14285714285717,264.31009926113035,137.0,188.23809523809524,178.23998001624236,15.0,32.57142857142857,34.794498744156996,12.0,20.333333333333332,28.555793340990075,40.0,39.51428571428571,24.96930687292472,45.6,45.94285714285714,27.878048199767704,413.0,431.5238095238095,304.6474386971962,949.0,1055.0,767.8334454815055,11.0,21.095238095238095,21.89498746723725,10.0,15.0,13.663820841916802,1.0,5.190476190476191,7.514113704350287,14.0,21.0,20.381364036786152,13.0,14.380952380952381,14.111967228123055,510.0,499.6666666666667,342.6654831367369,10.0,48.19047619047619,62.81370793673866,12.0,17.61904761904762,15.847637648798608,18.0,17.238095238095237,14.96631137556867,1.0,3.142857142857143,4.912084224498948,11.0,25.428571428571427,31.18584843894972,60.0,70.85714285714286,52.539780846788574,17.0,21.666666666666668,21.548395145191982,19.0,27.142857142857142,24.63389070830208,43.4,41.180952380952384,18.605902801197768,0.0,0.06571428571428571,0.30114068852566944,0.0,3.185714285714286,14.598776856787895,0.0,1.4,6.4156059729381765,0.0,2.380952380952381,10.91089451179962
Fulham,28.821917808219176,28.815442092154424,3.351455998959689,26.0,23.772727272727273,9.211441220061568,17.0,16.954545454545453,11.180243087600354,1596.5,1523.2727272727273,935.531129095389,0.5,2.227272727272727,3.2649920612726087,1.0,1.9090909090909092,2.561790499391112,2.0,3.1818181818181817,2.9702711698615705,0.0,0.09090909090909091,0.29424494316824984,1.0,2.0772727272727276,2.670996214752237,0.95,1.5909090909090908,1.8204942005398246,22.0,32.18181818181818,35.314419506884505,51.0,63.86363636363637,48.530104014631945,38.0,62.77272727272727,70.3406214807847,0.015,0.16863636363636364,0.25471357311498793,0.09,0.1081818181818182,0.12385230696032246,0.095,0.14863636363636362,0.15387983730497096,0.085,0.10181818181818182,0.08203578566619649,30.0,27.995454545454546,19.20149987377542,0.265,0.5436363636363636,0.60930518941891,0.03,0.07136363636363637,0.09177070050872159,15.4,15.672727272727276,5.471239244856586,643.0,661.5,493.4484823787634,81.5,80.31818181818181,7.882568856336858,10959.5,11796.545454545454,9638.515992903396,90.6,88.52272727272728,6.603385265884233,84.75,84.44545454545454,9.094934606572798,56.2,58.613636363636374,12.643586571273255,9.5,16.0,16.52703413026237,44.5,54.77272727272727,46.87971621296136,7.0,13.409090909090908,18.332014907335488,2.5,4.2272727272727275,6.711268549322516,51.0,63.86363636363637,48.530104014631945,30.0,37.72727272727273,31.05629576259066,2.2249999999999996,2.537272727272727,1.7013165261284926,3.0,4.136363636363637,4.2683269226495195,0.185,0.23727272727272727,0.20619412531887835,23.0,27.181818181818183,21.83626595419901,12.0,16.636363636363637,14.127128426391456,18.0,22.954545454545453,19.850578191716597,8.0,11.227272727272727,10.800933902222214,14.0,15.045454545454545,10.943479348897233,2.0,4.5,6.123724356957945,9.5,10.545454545454545,8.028089215387212,8.5,12.409090909090908,13.514222106144295,950.0,975.7727272727273,670.3984552074897,26.5,106.04545454545455,229.9006984957444,154.5,327.22727272727275,387.48111251274247,379.0,401.8636363636364,314.424840811728,204.0,257.09090909090907,222.62950411815618,32.0,38.0,37.003217363333356,18.5,26.09090909090909,26.120433692361544,43.05,41.686363636363645,20.483007950948384,39.4,35.445454545454545,16.348604928766342,526.5,578.0,409.20864395283036,1213.0,1563.9545454545455,1265.6253292447864,22.0,32.18181818181818,35.314419506884505,17.5,22.636363636363637,22.966944060551885,4.5,9.181818181818182,11.159605572635465,14.5,20.5,17.767680664354483,7.5,11.363636363636363,11.499670614518672,632.5,654.8181818181819,446.8200486148264,38.0,62.77272727272727,70.3406214807847,15.0,17.181818181818183,13.343935178971982,15.0,14.681818181818182,10.749911909434704,1.0,1.7727272727272727,3.1912352912285677,15.0,36.81818181818182,50.39901393936796,58.0,65.9090909090909,44.02262307031854,15.0,21.818181818181817,22.338598591070728,19.0,21.772727272727273,20.118534023517004,47.75,45.809090909090905,21.399174641202293,0.0,0.06136363636363637,0.28782096708007415,0.0,3.1045454545454545,14.561608927088196,0.0,0.6681818181818181,3.1340505304274733,0.0,0.0,0.0
Manchester Utd,25.723287671232878,25.90877727042111,5.003581482995939,20.0,18.77777777777778,10.966148378369237,14.0,13.777777777777779,10.696273014945739,1335.0,1231.6666666666667,920.1071843917049,0.0,1.3703703703703705,2.2039849948558765,0.0,0.9259259259259259,2.0554978046865497,2.0,2.7777777777777777,2.3750843439814178,0.0,0.1111111111111111,0.4236592728681617,1.0,1.7148148148148148,2.318106605317847,0.7,1.2814814814814814,1.6834116085719035,10.0,22.51851851851852,31.57332171113207,43.0,46.7037037037037,57.13938074488411,19.0,46.03703703703704,65.4572564476424,0.0,0.07296296296296297,0.11353802530818997,0.0,0.04259259259259259,0.08528651226184111,0.06,0.12481481481481482,0.1511588662599811,0.06,0.09296296296296296,0.09347211903576937,22.2,22.170370370370367,18.01917386509789,0.17,0.37222222222222223,0.45695760898605947,0.0,0.04444444444444445,0.06640976140791661,15.8,13.96296296296296,8.111252779467648,548.0,550.5185185185185,464.27456816400644,82.6,82.62962962962963,5.9171078443919916,8304.0,9019.814814814816,8213.122375606925,90.4,89.71111111111111,4.666767398180237,85.5,84.52222222222223,9.190267985267113,55.4,58.81111111111112,17.635046691031803,7.0,13.11111111111111,17.414258820185548,24.0,37.0,40.62587277168995,5.0,10.703703703703704,15.053276706456293,1.0,2.3333333333333335,2.9612887007569473,43.0,46.7037037037037,57.13938074488411,17.0,30.444444444444443,36.19958917460606,1.99,2.3555555555555556,1.4627669600750421,1.0,2.2222222222222223,3.826359319382544,0.04,0.12037037037037036,0.20330881174821946,19.0,27.037037037037038,28.050067162241657,9.0,16.25925925925926,17.152242716316433,17.0,23.51851851851852,24.57386098834784,5.0,10.592592592592593,12.235695759222306,8.0,12.407407407407407,11.02884072037164,2.0,3.5555555555555554,4.940673679798779,8.0,8.851851851851851,8.556166034385798,7.0,12.555555555555555,12.840241231059284,778.0,810.4444444444445,660.5315652699337,21.0,82.44444444444444,192.25070437668967,150.0,282.85185185185185,323.5838618805265,303.0,343.44444444444446,307.11227379892966,125.0,191.7037037037037,220.89534849279872,18.0,31.25925925925926,37.57105329351368,6.0,20.88888888888889,25.507666017121707,41.5,43.111111111111114,29.77215184767513,49.2,44.21481481481482,28.386409311820923,424.0,494.22222222222223,398.9919348841078,793.0,1239.4074074074074,1105.4138194588995,10.0,22.51851851851852,31.57332171113207,11.0,15.777777777777779,18.265843140710086,1.0,7.555555555555555,15.59914527573012,10.0,16.62962962962963,17.923229765925704,5.0,11.962962962962964,13.893776917636078,514.0,544.8148148148148,436.20805172241415,19.0,46.03703703703704,65.4572564476424,11.0,13.555555555555555,11.335218546070449,7.0,12.185185185185185,11.398505425095255,1.0,2.2962962962962963,3.2559391273701053,6.0,20.77777777777778,36.316274518069655,41.0,56.7037037037037,51.40997719300948,10.0,15.74074074074074,16.1759379530514,13.0,16.11111111111111,18.32680536459628,48.6,49.85925925925926,26.387048968695858,0.0,0.04814814814814815,0.25018511664883786,0.0,2.5555555555555554,13.279056191361391,0.0,1.011111111111111,5.253887449625595,0.0,0.9259259259259259,4.811252243246882
Ipswich Town,26.695890410958903,26.896164383561647,3.155121097020423,18.0,17.666666666666668,8.742813140471172,11.0,12.466666666666667,9.489498127543083,952.5,1113.7666666666667,781.7436162893788,0.0,1.0666666666666667,2.2884015402012388,0.0,0.8,1.0635010497214474,2.0,2.8333333333333335,2.5063138660994357,0.0,0.16666666666666666,0.3790490217894517,0.6,1.0366666666666666,1.720561923713684,0.4,0.7,0.9580871747825239,9.0,14.633333333333333,17.816078235070727,20.0,27.133333333333333,25.29785779854496,14.5,26.733333333333334,34.92349602649545,0.0,0.084,0.13461567260295076,0.0,0.06933333333333333,0.11119827998338988,0.045,0.091,0.1122604729773728,0.03,0.05733333333333334,0.05930245871121536,14.3,22.80666666666667,24.503608929598776,0.085,0.2906666666666667,0.3761963292762431,0.0,0.055333333333333345,0.06936824938679444,15.55,13.273333333333335,8.203654918570656,207.5,336.3,302.7777322928716,75.7,74.95666666666666,8.250838341243472,4188.0,5993.966666666666,5464.008983453849,87.0,87.08666666666666,7.389682151408852,84.5,81.43333333333334,11.148908507990377,49.5,44.94666666666668,17.86239998805685,4.5,8.0,10.9670352451775,16.5,25.366666666666667,27.802856877930953,4.0,4.833333333333333,5.907816758378235,0.0,1.4666666666666666,2.7384029240987604,20.0,27.133333333333333,25.29785779854496,12.5,18.6,20.5771885750987,1.335,1.5233333333333334,1.2358002665684187,1.0,1.7333333333333334,2.0160277319749236,0.1,0.13499999999999998,0.1581738458697941,12.5,17.9,16.06527632654589,8.0,10.066666666666666,9.043699782009929,12.0,18.366666666666667,16.48088408520262,6.5,9.633333333333333,9.360530980125276,8.0,13.333333333333334,13.966297693532377,2.0,5.733333333333333,9.638047210041487,6.5,7.6,7.513665710809412,6.5,9.533333333333333,9.405549841242243,396.0,563.5666666666667,456.59902301263406,27.5,90.96666666666667,131.0289474027448,118.5,230.93333333333334,246.42253218367856,149.5,221.9,208.91762937116857,102.0,117.0,120.36868649966723,11.5,17.233333333333334,20.936164608297936,8.0,18.366666666666667,26.094633261601345,39.75,32.52,22.306121009327434,42.8,33.25666666666667,21.887308294256197,213.5,278.8333333333333,218.9055981914127,563.0,753.9666666666667,600.9493915999648,9.0,14.633333333333333,17.816078235070727,6.5,9.766666666666667,10.883975355550467,1.5,4.3,7.419220146767913,11.0,16.3,20.281042617557226,5.0,10.333333333333334,13.787383871604812,247.0,333.06666666666666,275.7392488082415,14.5,26.733333333333334,34.92349602649545,8.5,12.9,14.423041909771825,8.5,11.866666666666667,11.464287376783227,0.5,1.5,2.776129779337439,6.0,14.733333333333333,28.575288737592516,36.0,43.03333333333333,35.33922635740955,7.0,16.2,21.581281800160323,13.0,16.2,17.74027173916201,52.599999999999994,52.49333333333333,26.295036024699222,0.0,0.23333333333333334,0.7214560628165186,0.0,6.253333333333333,19.158715192206703,0.0,0.7433333333333333,3.182244201961807,0.0,0.0,0.0
Newcastle Utd,27.46027397260274,27.954854079809405,4.724786370857038,27.0,22.565217391304348,9.917047246381179,13.0,16.26086956521739,12.259383757700755,1413.0,1459.8260869565217,1021.1437728072785,0.0,2.739130434782609,5.011054972434337,1.0,2.0869565217391304,2.843062425021507,2.0,2.5652173913043477,3.0275415612569785,0.0,0.043478260869565216,0.2085144140570748,0.5,2.547826086956522,4.265279439339487,0.9,1.852173913043478,2.2405091883152144,14.0,29.08695652173913,32.3867439822337,56.0,61.17391304347826,60.89831478032052,22.0,60.73913043478261,69.35692755024176,0.0,0.16347826086956524,0.2605520135762841,0.04,0.10652173913043479,0.13161958598559623,0.11,0.14304347826086955,0.1634412539056797,0.08,0.09913043478260869,0.09258475446256409,23.7,20.926086956521743,17.718485913954495,0.28,0.371304347826087,0.416972904589801,0.0,0.07956521739130436,0.10657810882461939,14.6,14.26086956521739,5.707470314535535,459.0,599.4347826086956,511.82923520243065,81.8,79.65217391304347,6.948895894327215,6537.0,10098.478260869566,9054.408031799985,88.6,87.70869565217392,7.715622466108985,86.6,85.26521739130435,11.195112923042974,51.4,49.321739130434786,19.802822492163248,8.0,15.521739130434783,16.18604776628594,26.0,44.17391304347826,47.285066039456176,8.0,14.91304347826087,17.984622328984436,0.0,2.782608695652174,4.522233174591453,56.0,61.17391304347826,60.89831478032052,27.0,36.130434782608695,35.29654161249189,2.01,2.0782608695652174,1.4037924353625175,3.0,4.782608695652174,5.393232474290269,0.23,0.22782608695652182,0.2213174708984837,22.0,23.82608695652174,21.35554467901836,14.0,14.565217391304348,13.34447821438625,27.0,23.434782608695652,21.86908587472388,9.0,11.217391304347826,10.685404326119261,17.0,16.73913043478261,13.938884105931045,3.0,5.608695652173913,7.190518570468543,9.0,11.130434782608695,10.09637355159171,6.0,10.782608695652174,11.508718125202977,747.0,898.1304347826087,713.8810255057037,26.0,90.0,142.3389041561148,122.0,294.4347826086956,333.7171946542539,225.0,376.1304347826087,343.42477068861774,127.0,236.30434782608697,222.77004751794226,31.0,41.69565217391305,45.775573858285334,7.0,26.434782608695652,30.428494550871406,43.8,39.83478260869565,20.484885973802342,41.7,40.208695652173915,20.3882745501044,471.0,512.1304347826087,417.99644456380753,1475.0,1393.0,1117.0730829839526,14.0,29.08695652173913,32.3867439822337,13.0,17.82608695652174,16.859451554524767,4.0,10.434782608695652,15.582117042992008,11.0,18.608695652173914,17.343427181591363,7.0,17.652173913043477,20.141789880860713,538.0,595.0869565217391,490.90740777050064,22.0,60.73913043478261,69.35692755024176,9.0,15.391304347826088,16.521993965165958,11.0,17.608695652173914,23.457387148992265,2.0,3.0434782608695654,4.300932888968976,9.0,26.73913043478261,38.6302017871843,46.0,65.0,57.43929601999599,7.0,18.47826086956522,27.521676688512922,12.0,17.782608695652176,19.15714089917465,50.0,49.67826086956522,23.862845911998065,0.0,0.11000000000000001,0.3649782060741312,0.0,6.139130434782608,20.340169372907813,0.0,3.4434782608695653,11.83199921964149,0.0,2.1739130434782608,10.425720702853738
Liverpool,26.44109589041096,27.20652315720809,3.6896849186844105,28.0,24.476190476190474,8.902915520317196,19.0,17.80952380952381,11.994244651577889,1627.0,1596.3809523809523,981.7646599970116,1.0,3.761904761904762,6.503112807761847,2.0,2.8095238095238093,3.9701265423037544,3.0,2.9523809523809526,2.290768222151479,0.0,0.09523809523809523,0.30079260375911915,1.7,3.6285714285714286,5.487544337601552,1.2,2.628571428571429,3.120599759203807,23.0,35.19047619047619,36.3972788098493,67.0,81.38095238095238,67.2699607480755,54.0,80.61904761904762,107.99003481362352,0.04,0.16904761904761903,0.24055986285963757,0.14,0.14761904761904762,0.1455645822961328,0.07,0.1895238095238095,0.21020171717843295,0.11,0.13666666666666666,0.11947105646696748,29.2,27.195238095238096,17.87407273652192,0.35,0.5071428571428572,0.45370852821104063,0.06,0.06380952380952382,0.07031900102221238,14.5,13.266666666666667,6.657276720501659,630.0,778.0952380952381,629.732554721598,83.7,82.85238095238094,7.468106791390912,11124.0,13238.142857142857,11217.987712980053,91.8,91.20476190476191,5.878050373251,88.3,86.71428571428572,9.668985764509413,60.8,60.32380952380953,15.202595329808158,11.0,22.0,22.645087767549057,39.0,67.71428571428571,70.61454726693562,8.0,18.61904761904762,22.59972608346435,1.0,3.619047619047619,5.877722266968647,67.0,81.38095238095238,67.2699607480755,35.0,49.80952380952381,45.47594864059358,2.71,2.6333333333333333,1.54885871961691,4.0,6.476190476190476,6.569772047940839,0.34,0.3480952380952381,0.26352645118885215,26.0,28.047619047619047,24.080025312437257,15.0,17.285714285714285,14.76869275576839,19.0,28.285714285714285,27.880356628176152,9.0,13.333333333333334,13.7852578261465,9.0,15.428571428571429,14.712482552483888,2.0,3.9523809523809526,4.565919299288923,8.0,11.476190476190476,12.746054478225988,7.0,12.904761904761905,15.74771336386576,801.0,1102.047619047619,814.8852358578156,27.0,97.71428571428571,150.7335871188445,160.0,301.3809523809524,321.09149415555623,280.0,497.5238095238095,465.1158585823127,195.0,312.8095238095238,282.09388845694957,42.0,55.80952380952381,72.30049726496979,16.0,28.238095238095237,35.28300548692636,48.0,52.2952380952381,23.605623825488625,40.0,36.17142857142857,20.899190004809824,510.0,632.7142857142857,454.4827986686782,1383.0,1718.4761904761904,1233.3182322112823,23.0,35.19047619047619,36.3972788098493,17.0,23.761904761904763,21.271823527626314,5.0,13.714285714285714,25.809189946882984,19.0,22.571428571428573,24.78219406866839,11.0,14.476190476190476,15.83230573106472,570.0,769.6666666666666,567.9636725472267,54.0,80.61904761904762,107.99003481362352,15.0,18.523809523809526,16.460920532032976,12.0,15.19047619047619,13.197041515502814,1.0,2.619047619047619,4.3985928485845385,6.0,31.047619047619047,44.27016624147258,62.0,68.85714285714286,49.31864324399619,9.0,17.904761904761905,25.97672951297904,12.0,15.952380952380953,13.00183137283433,42.9,50.480952380952374,21.80703141300115,0.0,0.09714285714285714,0.3120439529480239,0.0,6.638095238095237,20.975759251823906,0.0,3.6904761904761907,11.662414190977131,0.0,4.761904761904762,21.82178902359924
Aston Villa,27.628767123287673,27.134050880626226,4.035940846227701,20.0,18.857142857142858,9.965549122460303,9.5,13.357142857142858,11.324226032630012,969.0,1200.0,913.1171682555108,1.0,1.8571428571428572,3.285369202030541,0.0,1.4642857142857142,2.364586611073877,2.0,2.4285714285714284,2.2513958045583786,0.0,0.07142857142857142,0.262265264156481,0.8,1.9142857142857144,2.936073755975674,0.45,1.4035714285714287,1.9488804274852063,16.0,23.071428571428573,22.744846500428235,33.5,42.75,46.34382375246997,20.0,42.32142857142857,50.75945711660524,0.04,0.17571428571428574,0.2921748407480315,0.0,0.08607142857142859,0.1158651606382844,0.08499999999999999,0.19285714285714287,0.2471145654663206,0.06,0.09178571428571429,0.1041029964142909,25.0,26.25,22.82273882353753,0.2,0.4692857142857143,0.6725238730248614,0.04,0.06749999999999999,0.08249017898895376,16.15,15.110714285714284,6.815632319553624,396.0,476.64285714285717,413.24104832550705,82.1,81.22142857142856,7.16247200978861,5626.0,8150.392857142857,7692.952726668865,91.5,90.03214285714284,5.555314677317673,86.2,86.47142857142858,7.5585544935355236,53.4,54.12499999999999,15.290898406374758,6.0,11.75,14.54399456056615,22.0,36.714285714285715,45.311969756065594,7.5,10.25,12.37567805849067,0.0,1.8214285714285714,3.672254040157044,33.5,42.75,46.34382375246997,20.0,27.928571428571427,28.94557929713207,1.7799999999999998,2.1167857142857143,1.411959640519171,2.0,3.357142857142857,3.7536578280321566,0.18,0.23571428571428574,0.21726291584891932,10.5,20.964285714285715,20.08404958216962,6.0,12.107142857142858,12.236373481503248,10.5,17.678571428571427,18.437187805625186,5.0,7.714285714285714,8.059303999253345,9.5,10.642857142857142,8.895334964293594,2.5,3.5,4.132078662619345,5.5,7.142857142857143,6.222505662478478,5.0,7.964285714285714,8.284220354282402,647.0,701.0714285714286,555.681758681367,29.5,84.57142857142857,186.6919484013266,132.0,236.21428571428572,290.88452044205485,237.5,299.0357142857143,290.7653352081884,113.5,172.75,165.81306408791264,19.0,30.964285714285715,37.19765239790468,17.0,23.428571428571427,28.676262698058167,47.15,48.86785714285713,26.410001662830087,40.6,37.4,23.72499853647109,383.5,396.42857142857144,308.0354030364197,1052.0,1149.857142857143,912.8708364391778,16.0,23.071428571428573,22.744846500428235,12.5,14.535714285714286,12.819204756224568,2.0,7.0,10.413666234542205,8.5,16.392857142857142,21.283516984701926,7.5,12.321428571428571,15.035891803549344,472.0,467.92857142857144,374.37957848027554,20.0,42.32142857142857,50.75945711660524,8.5,13.321428571428571,13.419316015656026,8.5,15.821428571428571,17.05123775550353,1.0,1.7857142857142858,2.7265110368128784,4.5,19.5,33.70624736026114,37.5,45.214285714285715,35.42060202225602,8.0,12.035714285714286,11.714132467703251,9.5,13.464285714285714,13.593250348112294,45.2,38.88214285714286,24.724737253915002,0.0,0.12178571428571429,0.45431310439541234,0.0,4.339285714285714,15.994150303012159,0.0,4.114285714285715,19.009816456060843,0.0,1.7857142857142858,9.449111825230679
Wolves,26.84931506849315,27.670637284097676,3.9938137697339564,26.0,22.782608695652176,8.923699404798082,15.0,16.652173913043477,10.907081501367374,1364.0,1495.2173913043478,875.6224776238662,1.0,2.1739130434782608,3.9387604639143587,1.0,1.6956521739130435,2.224548628551535,2.0,3.217391304347826,2.7461795236809605,0.0,0.08695652173913043,0.28810406552003043,0.8,1.7608695652173914,2.4798715381748715,0.9,1.4000000000000001,1.77942789580349,12.0,23.565217391304348,27.789510916819808,31.0,45.91304347826087,41.098455006880364,28.0,45.26086956521739,47.76192606069889,0.07,0.12217391304347826,0.16700453237559781,0.04,0.10043478260869568,0.13026121521666884,0.08,0.11130434782608696,0.11721403685046689,0.07,0.07956521739130434,0.07606685222818897,27.8,27.9304347826087,18.467795920629186,0.23,0.34956521739130436,0.40170634073875816,0.06,0.08956521739130435,0.11577714725319051,17.4,16.47826086956522,7.501391175323241,484.0,563.5652173913044,411.40102378523744,80.4,77.84347826086957,8.718362340327063,9479.0,9615.91304347826,6491.217324641906,90.4,88.3304347826087,6.924688032527248,86.5,84.84347826086957,9.379563184583642,56.0,52.452173913043474,15.721781924370735,10.0,12.391304347826088,12.478123148625075,26.0,39.26086956521739,33.25414176706462,4.0,10.826086956521738,12.680164086667892,1.0,2.782608695652174,3.489679872516707,31.0,45.91304347826087,41.098455006880364,21.0,29.52173913043478,28.046827020696185,1.71,1.7804347826086961,1.060662221362714,3.0,3.9130434782608696,4.14414201536075,0.18,0.2526086956521739,0.2399662360966708,21.0,32.08695652173913,28.195604176212647,13.0,18.91304347826087,17.58075663765838,19.0,26.82608695652174,23.596325164415372,8.0,12.217391304347826,13.30056909834767,16.0,18.043478260869566,12.607639317888202,4.0,5.869565217391305,6.047571622531168,10.0,12.173913043478262,10.443145528888765,9.0,12.08695652173913,9.82997754310882,756.0,875.8260869565217,572.2617529015828,59.0,103.43478260869566,151.45261067618614,304.0,311.0869565217391,256.91189028067373,329.0,393.6521739130435,316.27600269609917,124.0,181.7391304347826,186.29234537324402,23.0,28.304347826086957,31.84826923028043,14.0,28.391304347826086,34.83433406912676,45.3,40.3,24.884916935949192,40.0,39.21739130434783,25.164976603025682,390.0,480.60869565217394,307.3460796044442,1038.0,1328.695652173913,911.0664797010055,12.0,23.565217391304348,27.789510916819808,13.0,17.91304347826087,21.83390408490732,3.0,5.695652173913044,8.6887324245971,16.0,23.043478260869566,22.74058898427608,11.0,14.434782608695652,15.287624486838787,482.0,559.2173913043479,370.7579407010528,28.0,45.26086956521739,47.76192606069889,15.0,19.782608695652176,17.503133542153716,10.0,16.91304347826087,17.08511591329573,1.0,2.5217391304347827,3.314836691677301,10.0,21.652173913043477,30.692919964844982,43.0,65.6086956521739,50.69493351987928,10.0,17.73913043478261,17.532352928500103,16.0,19.043478260869566,19.671110013671328,40.7,46.15652173913044,23.201701075704,0.0,0.1782608695652174,0.6016239551407585,0.0,5.369565217391305,17.790585732669467,0.0,1.126086956521739,5.400523324078236,0.0,1.4478260869565216,6.943529988100591
Nott'ham Forest,27.13150684931507,27.26836861768368,3.593866728645355,29.5,23.863636363636363,10.575332729406783,18.5,17.0,12.902565267271097,1764.0,1527.6818181818182,1071.8204534415195,1.0,2.3636363636363638,4.169566090767885,1.0,1.7272727272727273,2.4723580065504493,2.0,3.3636363636363638,2.9688133679726003,0.0,0.09090909090909091,0.29424494316824984,1.4,1.8863636363636367,2.542832214479687,1.1,1.390909090909091,1.4198957342368121,12.5,25.59090909090909,33.33760795102288,34.0,44.27272727272727,41.7169393688347,17.5,43.90909090909091,55.97100362467379,0.05500000000000001,0.11863636363636365,0.16371564938274488,0.055,0.09363636363636364,0.11412380305721687,0.07,0.11272727272727275,0.1333517303325457,0.065,0.08772727272727274,0.08657129284346368,32.9,35.445454545454545,27.3677726231964,0.29000000000000004,0.4327272727272728,0.42137170355176023,0.05,0.07181818181818184,0.08398618727909758,18.450000000000003,17.35454545454546,8.216344180249004,380.0,427.8181818181818,331.241623270707,76.69999999999999,73.71363636363637,8.562837505592766,5542.5,7300.727272727273,6130.44255515684,88.1,86.27272727272728,7.728807079650705,81.4,77.49545454545454,11.905520019151071,43.4,45.13636363636363,15.824530248186125,10.0,13.818181818181818,14.802304722853973,26.0,37.63636363636363,36.1985864687789,6.5,9.545454545454545,10.331308278041593,1.0,2.409090909090909,3.33322510646815,34.0,44.27272727272727,41.7169393688347,23.5,32.59090909090909,31.652366331323385,1.8,1.9281818181818182,1.3152643636624335,2.0,3.772727272727273,4.859275060392663,0.16,0.2127272727272727,0.22443965820050651,20.5,28.136363636363637,25.2082666987778,13.0,17.045454545454547,15.7645692938832,18.5,26.727272727272727,26.124576675871833,7.0,13.181818181818182,13.61244655815777,11.0,17.636363636363637,17.769812429123547,3.0,6.545454545454546,9.874099224629832,7.5,11.090909090909092,10.32753642733874,11.0,13.045454545454545,10.98690680820226,807.5,759.5,548.6952272263286,33.0,101.36363636363636,172.1551198233305,148.0,262.22727272727275,282.09824898060265,239.0,302.22727272727275,254.77589252371467,125.5,204.77272727272728,200.94584245943383,21.0,31.772727272727273,31.297241348357144,11.5,24.727272727272727,27.602936038075335,40.95,41.0,29.827583909944195,36.95,31.599999999999998,25.091224039682157,361.0,349.45454545454544,266.30196381314187,823.5,1069.6818181818182,985.8941499429717,12.5,25.59090909090909,33.33760795102288,10.5,16.09090909090909,17.473542151626706,2.0,7.7272727272727275,12.53635406169486,18.0,23.0,23.08782404315355,9.5,13.136363636363637,13.065022204145126,434.5,424.45454545454544,322.06339619526955,17.5,43.90909090909091,55.97100362467379,12.0,16.272727272727273,13.579332398843045,10.0,17.0,16.681897802279998,1.0,3.727272727272727,6.21964490015167,6.5,23.818181818181817,36.55346555602962,46.0,64.22727272727273,52.790630317800236,13.5,23.136363636363637,25.340153445142683,18.5,22.681818181818183,26.12130377340516,43.9,50.404545454545456,20.86743823172788,0.0,0.055,0.2579728667902887,0.0,3.3545454545454545,15.734212867044045,0.0,1.7363636363636366,8.144267364784318,0.0,0.0,0.0
Tottenham,25.635616438356166,25.65459157787925,4.538458558710817,21.0,18.88888888888889,9.279146733539896,15.0,13.814814814814815,8.119478180642272,1252.0,1241.111111111111,696.5408118438593,0.0,2.185185185185185,3.2703450422175178,1.0,1.6666666666666667,2.401922307076307,2.0,2.3703703703703702,2.3394303736026156,0.0,0.037037037037037035,0.19245008972987523,0.7,2.0740740740740744,2.9143666144692166,0.9,1.5518518518518518,2.015014863539448,16.0,28.962962962962962,28.863713553767823,49.0,56.22222222222222,47.117964345911254,31.0,55.851851851851855,69.12068804395335,0.0,0.13666666666666666,0.21244003678866474,0.05,0.11703703703703702,0.1580363837079885,0.07,0.14444444444444443,0.18267948672961307,0.08,0.10740740740740741,0.11109914465476295,33.3,29.307407407407407,21.248564221647577,0.3,0.4118518518518518,0.4169212897218872,0.0,0.06555555555555556,0.08455009135842462,16.7,14.54814814814815,7.1096559675703,693.0,570.5555555555555,370.15530351184856,84.8,80.93703703703704,8.247617285203702,10536.0,9466.222222222223,6381.720598308249,91.3,89.56666666666668,6.656055658051315,89.8,84.74074074074076,10.9232729407395,54.4,55.25185185185185,15.102352602527006,7.0,13.37037037037037,17.591842839024412,37.0,44.592592592592595,39.43666710373371,8.0,13.185185185185185,16.654953148762214,1.0,3.0,5.08391127441794,49.0,56.22222222222222,47.117964345911254,15.0,30.88888888888889,36.41569117980001,1.63,1.9877777777777776,1.5393288580850206,2.0,3.7777777777777777,4.627121827903001,0.22,0.2544444444444444,0.2628151344040044,13.0,22.333333333333332,20.613662385007597,9.0,14.185185185185185,13.997354247354247,14.0,20.185185185185187,17.780795684015242,9.0,10.0,8.539500976232564,15.0,14.555555555555555,11.991449945476642,4.0,5.074074074074074,5.150996363109134,9.0,9.481481481481481,8.945864409239055,10.0,10.481481481481481,10.685613514550122,885.0,828.3333333333334,513.7139281740373,55.0,83.74074074074075,114.26036145326252,228.0,266.81481481481484,223.90658028552153,393.0,350.44444444444446,257.7949891100609,152.0,219.22222222222223,227.11270217048516,24.0,35.51851851851852,42.22683285667317,19.0,27.666666666666668,29.09269006786095,42.9,42.17777777777778,25.747865233890053,48.8,41.800000000000004,25.184610685587646,564.0,519.0370370370371,309.79316691593806,1496.0,1439.4074074074074,858.1317479653674,16.0,28.962962962962962,28.863713553767823,18.0,19.48148148148148,16.955530911476306,4.0,8.666666666666666,11.906688488796153,15.0,17.88888888888889,17.828959444448653,10.0,14.296296296296296,16.178843770646463,629.0,566.0370370370371,338.9958567345491,31.0,55.851851851851855,69.12068804395335,10.0,14.518518518518519,12.819367470206256,10.0,16.333333333333332,15.12257609312341,1.0,2.037037037037037,3.2043417838623687,12.0,26.444444444444443,42.56789448663911,57.0,56.22222222222222,40.60535521079543,9.0,13.703703703703704,13.55278800387812,11.0,14.222222222222221,13.784978818469074,50.0,50.11481481481482,23.220526458348203,0.0,0.19777777777777777,0.5780759421319961,0.0,7.055555555555555,20.416477759460964,0.0,2.1296296296296298,6.319311964423317,0.0,0.0,0.0
Chelsea,24.306849315068494,24.198840885142257,2.37705832047334,17.5,19.153846153846153,10.880045248774687,11.5,14.384615384615385,11.398515422902836,1046.5,1291.423076923077,995.1280188227813,1.0,2.1923076923076925,3.47585075363406,1.0,1.6923076923076923,2.2048896710580466,2.5,3.6153846153846154,3.2505620815720233,0.0,0.038461538461538464,0.19611613513818402,0.75,2.4461538461538463,3.9643643393846406,1.05,1.8769230769230771,2.3167749467408685,11.0,30.115384615384617,38.78590148296355,33.0,56.53846153846154,61.782347491322,11.5,55.80769230769231,74.49994321112962,0.05,0.14615384615384613,0.20581694630087044,0.065,0.13230769230769232,0.18394146226031136,0.08499999999999999,0.155,0.1757782694191748,0.1,0.15307692307692308,0.1694171002176399,30.9,26.403846153846153,22.531231316006334,0.28,0.4569230769230769,0.48999403450057827,0.06,0.08307692307692308,0.11526557962442148,13.649999999999999,13.365384615384615,6.535009858152768,492.5,636.4615384615385,575.7149454908553,84.7,84.07692307692308,6.4065159138057375,7569.5,11007.26923076923,10339.849385973443,91.9,91.06923076923077,5.659312271346703,90.7,88.48076923076923,7.279891165712258,58.05,57.18076923076924,17.872728258008493,6.5,16.26923076923077,20.954345978450757,27.0,52.76923076923077,57.37128737778694,4.0,12.653846153846153,16.88772881755817,0.0,2.6923076923076925,5.3499101358376535,33.0,56.53846153846154,61.782347491322,15.0,37.80769230769231,45.690278380214956,1.83,2.3284615384615384,1.6628137413617734,2.5,3.923076923076923,4.515954622651356,0.20500000000000002,0.2561538461538462,0.24501554110834559,11.0,20.0,23.23445717033217,8.5,12.5,14.409024949662625,11.5,18.692307692307693,21.903002955337847,5.5,9.346153846153847,11.534096610284857,9.0,12.0,12.96148139681572,1.5,3.576923076923077,5.485785828288064,5.5,8.423076923076923,9.495991056959046,7.0,9.384615384615385,11.00573277188547,713.5,882.9615384615385,749.4059770655278,19.5,81.96153846153847,174.11363663291414,123.5,263.61538461538464,324.6297678184275,254.5,398.9230769230769,405.23700947242446,91.5,227.73076923076923,254.26687675626297,11.5,39.5,49.92894951829049,13.0,27.115384615384617,33.083321384742405,42.75,42.75,23.103562495857645,39.9,35.63076923076923,24.66809711722036,399.0,513.7307692307693,414.7699659032518,1010.5,1451.7692307692307,1154.3012884924735,11.0,30.115384615384617,38.78590148296355,9.5,17.0,18.874321179846444,1.0,10.923076923076923,20.2483047723469,6.0,15.961538461538462,19.0881759615334,5.5,10.615384615384615,11.768014014529124,495.5,631.2307692307693,529.269255309039,11.5,55.80769230769231,74.49994321112962,7.0,15.076923076923077,15.83647202358676,10.5,15.461538461538462,16.594531073171716,1.0,2.1153846153846154,3.8711954027346436,3.0,23.46153846153846,40.12802588638596,37.5,54.0,49.51928917098871,9.0,13.961538461538462,16.39629414039836,8.5,13.692307692307692,14.600737599913861,41.05,45.01538461538462,27.32208911935824,0.0,0.10038461538461539,0.3588925273028768,0.0,5.696153846153847,20.136781883294674,0.0,1.7423076923076921,6.3809825623910355,0.0,0.7692307692307693,3.922322702763681
Brentford,24.832876712328765,26.19412915851272,3.913767941208004,27.0,22.857142857142858,11.145787160563017,21.0,17.80952380952381,12.956153162181465,1913.0,1592.3333333333333,1092.8558611881683,0.0,2.761904761904762,5.2906026301808184,2.0,1.8571428571428572,2.455314934702151,2.0,2.5238095238095237,1.8873009198071093,0.0,0.047619047619047616,0.21821789023599242,0.8,2.4809523809523815,3.9303459195876194,1.2,1.7952380952380953,2.241088171062484,12.0,25.285714285714285,31.87968452971713,51.0,56.714285714285715,53.19693868743094,27.0,56.04761904761905,74.6963695171835,0.0,0.1123809523809524,0.18931203770243354,0.07,0.08380952380952383,0.09672001811808094,0.07,0.11952380952380953,0.15583568880318113,0.06,0.09047619047619049,0.07933953557188185,32.4,26.40952380952381,19.717730720392364,0.18,0.3114285714285715,0.37051701329744247,0.0,0.0661904761904762,0.082853858719808,14.7,13.704761904761906,6.953019214016037,483.0,565.8095238095239,435.5859982882392,77.2,76.44285714285714,8.036203794614185,7530.0,10385.42857142857,9215.522782628386,87.4,86.33809523809525,8.073380716309382,79.9,81.95238095238096,10.028340792355387,55.1,55.090476190476195,13.536613489418423,8.0,14.095238095238095,17.218898808880787,41.0,46.76190476190476,39.72266955015078,7.0,13.761904761904763,18.47134202461955,2.0,3.8095238095238093,5.2784377198092205,51.0,56.714285714285715,53.19693868743094,21.0,33.23809523809524,35.14100846860369,1.72,1.8633333333333335,1.1440862438353734,2.0,4.761904761904762,5.726296900307928,0.2,0.25238095238095243,0.22620576389439684,25.0,26.714285714285715,21.543311855754343,17.0,16.238095238095237,12.696081135156478,25.0,24.761904761904763,20.13431091918659,10.0,11.619047619047619,10.40901623822439,17.0,20.38095238095238,18.688167889004507,4.0,8.380952380952381,12.379322237005507,13.0,12.0,10.014988766843425,8.0,12.476190476190476,12.040012656218629,780.0,910.4761904761905,654.1051611971594,51.0,142.61904761904762,283.87540861978096,226.0,357.3333333333333,411.39218919825566,334.0,338.9047619047619,271.3587855150271,158.0,222.52380952380952,227.73726507702224,24.0,41.76190476190476,45.46856580309606,12.0,26.238095238095237,33.12537511018518,46.3,44.38571428571429,23.73074557855875,41.7,38.07142857142857,19.841399720209836,395.0,481.0,352.50049645355114,1171.0,1335.2380952380952,1120.4904240894657,12.0,25.285714285714285,31.87968452971713,10.0,15.428571428571429,18.494786910292934,1.0,9.0,17.25688268488837,14.0,22.38095238095238,25.716679782732825,8.0,12.333333333333334,13.316656236958785,484.0,557.4761904761905,400.55506725637855,27.0,56.04761904761905,74.6963695171835,12.0,12.952380952380953,10.360869608658293,10.0,14.571428571428571,14.122929683926875,1.0,2.9523809523809526,4.477456761111049,13.0,28.571428571428573,44.22168181850554,50.0,69.0952380952381,54.548973190982025,12.0,26.761904761904763,31.19920633911184,14.0,23.61904761904762,23.688554600220314,55.1,53.98571428571429,19.473142676884123,0.0,0.1295238095238095,0.4108342267931945,0.0,5.904761904761905,19.03130253530946,0.0,5.628571428571429,21.984020170504365,0.0,0.0,0.0
Arsenal,26.872602739726027,26.492652552926526,3.8227439047507037,22.5,22.59090909090909,7.926201822100881,16.0,17.0,10.155927192672127,1427.5,1519.4545454545455,881.6773369021836,2.0,2.772727272727273,2.8103858095052354,1.5,2.272727272727273,2.6758499883538236,2.5,2.909090909090909,1.9738550848793073,0.0,0.22727272727272727,0.5284134548067254,1.65,2.4999999999999996,2.587515815456612,0.9,1.886363636363636,2.128557628009535,23.0,34.31818181818182,31.38301992151073,55.5,75.18181818181819,60.81559665527254,51.0,74.18181818181819,75.04134502528233,0.1,0.165,0.16695451333764394,0.11,0.13863636363636364,0.1549284152530253,0.095,0.15227272727272723,0.14182255238020633,0.095,0.12090909090909087,0.11939965266397157,31.049999999999997,26.62272727272727,17.33883425032298,0.225,0.41090909090909095,0.4100512057560511,0.13,0.13045454545454546,0.13051098376426745,14.65,14.004545454545456,5.794946671575756,459.5,700.4090909090909,551.782622751535,82.8,82.34545454545456,6.296614908612351,7044.5,11484.318181818182,9779.359723838013,91.94999999999999,90.87272727272727,4.7591697773558135,86.0,84.87272727272726,8.048731448003338,53.15,55.54545454545457,9.681830172949509,10.0,17.136363636363637,17.313070907335423,39.5,56.95454545454545,52.282635989150606,9.0,17.863636363636363,17.81731489188845,1.5,3.0,3.625307868699863,55.5,75.18181818181819,60.81559665527254,24.0,38.81818181818182,33.092419450808144,2.245,2.458636363636364,1.4281332986156157,3.0,4.909090909090909,5.485123525188843,0.25,0.29636363636363644,0.3097394520214178,19.0,24.09090909090909,20.3280455831208,12.0,14.272727272727273,12.329530243172934,20.0,20.772727272727273,14.16545704028547,10.5,10.318181818181818,7.167295854792787,10.0,13.181818181818182,10.83924247764471,1.5,4.318181818181818,6.79205673062546,7.5,8.863636363636363,7.272226714375822,6.0,9.272727272727273,8.647497949072944,738.5,983.7727272727273,662.5281975539702,24.0,73.5909090909091,163.87238330071972,120.5,246.1818181818182,327.21445368641446,291.0,427.95454545454544,385.05231274436403,223.5,316.90909090909093,232.44843956515834,37.0,52.5,48.60114637095948,22.5,29.727272727272727,28.687448422083428,43.45,48.87727272727273,22.218287873220923,35.05,36.91818181818182,17.634156152293286,406.5,578.1818181818181,402.19003283376196,1282.5,1631.9545454545455,1113.2316097214975,23.0,34.31818181818182,31.38301992151073,19.0,21.363636363636363,17.956416692450095,4.5,11.772727272727273,14.582872596308766,15.0,19.318181818181817,15.28580531590809,13.5,15.681818181818182,13.357310691817757,528.5,693.6818181818181,483.47328545527495,51.0,74.18181818181819,75.04134502528233,14.0,16.636363636363637,11.0606357112809,17.0,16.318181818181817,11.712371821268896,1.5,3.409090909090909,3.724552909047524,11.0,31.818181818181817,42.05057766845876,48.0,58.04545454545455,40.02793937658958,10.5,19.5,19.81521781719437,15.5,18.954545454545453,17.761588498048987,51.15,48.0,19.478021802363127,0.0,0.038636363636363635,0.18122060890226885,0.0,3.4318181818181817,16.09665408484858,0.0,1.6045454545454545,7.525985287353048,0.0,0.0,0.0
